Item ID,Title,Price,Sold,Country,Subtitle,Price Type,URL
190984932022,New For Samsung Galaxy SIV S4 i9500 Flower Leather Flip Wallet Pouch Case Cover,$5.05,403+ sold,From China,,Buy It Now,http://www.ebay.com/itm/New-For-Samsung-Galaxy-SIV-S4-i9500-Flower-Leather-Flip-Wallet-Pouch-Case-Cover-/190984932022?pt=US_Cell_Phone_PDA_Cases&var=&hash=item2c7796cab6
111013126219,SAMSUNG C&T Car Dash Mount Stand Holder for Galaxy Note 2 3 4 S4 S5 iPhone 4 5 6,$19.50,2417 sold,"From Korea, South",,Buy It Now,http://www.ebay.com/itm/SAMSUNG-C-T-Car-Dash-Mount-Stand-Holder-for-Galaxy-Note-2-3-4-S4-S5-iPhone-4-5-6-/111013126219?pt=US_Mounts_Holders&hash=item19d8e5e04b
171506145027,Super Frosted Matte Case Sandstone Back Cover For Oneplus One,$7.96,148+ sold,From China,,Buy It Now,http://www.ebay.com/itm/Super-Frosted-Matte-Case-Sandstone-Back-Cover-For-Oneplus-One-/171506145027?pt=US_Cell_Phone_PDA_Cases&var=&hash=item27ee901703
310993435759,,$7.99,1195 sold,From United States,100% Satisfaction Guaranteed Or Your Money Back!!!,Buy It Now,http://www.ebay.com/itm/New-OEM-Genuine-Blackberry-Z30-Leather-Flip-Shell-Carrying-Cover-Case-Black-/310993435759?pt=US_Cell_Phone_PDA_Cases&hash=item4868a73c6f
331103505112,New Nillkin Fresh Colorful Leather Skin Flip Case Cover For LG G2 D802 Perfect,$5.99,217+ sold,From Hong Kong,,Buy It Now,http://www.ebay.com/itm/New-Nillkin-Fresh-Colorful-Leather-Skin-Flip-Case-Cover-For-LG-G2-D802-Perfect-/331103505112?pt=US_Cell_Phone_PDA_Cases&var=&hash=item4d174e8ad8
121409353973,Genuine Battery + Flex Cable For LG Optimus G Google Nexus 4 E960 E970/973 BL-T5,$14.97,243+ sold,From China,,Buy It Now,http://www.ebay.com/itm/Genuine-Battery-Flex-Cable-For-LG-Optimus-G-Google-Nexus-4-E960-E970-973-BL-T5-/121409353973?pt=US_Cell_Phone_PDA_Batteries&var=&hash=item1c448fb8f5
351005687931,Ultra Clear Front and Back Screen Protector for iPhone 5 5S full body protection,,599+ sold,From China,,Buy It Now,http://www.ebay.com/itm/Ultra-Clear-Front-and-Back-Screen-Protector-for-iPhone-5-5S-full-body-protection-/351005687931?pt=US_Cell_Phone_Screen_Protectors&var=&hash=item51b991c07b
290937729406,New 3x MATTE Anti Glare Screen Protector Guard for Samsung Galaxy S III S3 i9300,$2.63,1109 sold,From Hong Kong,,Buy It Now,http://www.ebay.com/itm/New-3x-MATTE-Anti-Glare-Screen-Protector-Guard-for-Samsung-Galaxy-S-III-S3-i9300-/290937729406?pt=US_Cell_Phone_Screen_Protectors&hash=item43bd3d717e
161408407735,Luxury Ultra Thin Slim Metal Aluminium Bumper Case Cover Frame for iPhone 6 Plus,,124+ sold,From China,,Buy It Now,http://www.ebay.com/itm/Luxury-Ultra-Thin-Slim-Metal-Aluminium-Bumper-Case-Cover-Frame-for-iPhone-6-Plus-/161408407735?pt=US_Cell_Phone_PDA_Cases&var=&hash=item2594b0d8b7
400707075410,NEW Running Sports Gym Armband Case Cover For Samsung Galaxy S3 S4 i9300 i9500,$2.33,261+ sold,From China,,Buy It Now,http://www.ebay.com/itm/NEW-Running-Sports-Gym-Armband-Case-Cover-For-Samsung-Galaxy-S3-S4-i9300-i9500-/400707075410?pt=US_Armbands&var=&hash=item5d4c00bd52
121373053315,Paint TPU Soft Case Silicone Cover Back For Samsung Galaxy CORE i8260 i8262 Duos,$1.89,101+ sold,From China,,Buy It Now,http://www.ebay.com/itm/Paint-TPU-Soft-Case-Silicone-Cover-Back-For-Samsung-Galaxy-CORE-i8260-i8262-Duos-/121373053315?pt=US_Cell_Phone_PDA_Cases&var=&hash=item1c4265d183
111298948873,Cute Colorful Hybrid Hard Back Case Cover Skin For Apple iPhone 5 5S iPhone 6,,138+ sold,From China,"Lowest Price,Best Quality，complete category",Buy It Now,http://www.ebay.com/itm/Cute-Colorful-Hybrid-Hard-Back-Case-Cover-Skin-For-Apple-iPhone-5-5S-iPhone-6-/111298948873?pt=US_Cell_Phone_PDA_Cases&var=&hash=item19e9ef2f09
120824970762,NEW BATTERY FOR SAMSUNG T759 SGH T679 EXHIBIT 2  4G T-MOBILE,$6.75,7720 sold,From United States,,Buy It Now,http://www.ebay.com/itm/NEW-BATTERY-FOR-SAMSUNG-T759-SGH-T679-EXHIBIT-2-4G-T-MOBILE-/120824970762?pt=US_Cell_Phone_PDA_Batteries&hash=item1c21babe0a
131054970933,"ORIGINAL Gorilla Glass Screen Samsung Galaxy S3, S4 i9500 & S5 i9600 Genuine",,125+ sold,From United Kingdom,Same Day 1st Class P&P - Gorilla Glass - 100% ORIGINAL,Buy It Now,http://www.ebay.com/itm/ORIGINAL-Gorilla-Glass-Screen-Samsung-Galaxy-S3-S4-i9500-S5-i9600-Genuine-/131054970933?pt=UK_MobilePhones_MobilePhonesCasesPouches&var=&hash=item1e837c2835
131303992241,Selfie Extendable Handheld Telescoping Pole Monopod Bracket for iPhone Android,$5.48,142+ sold,From China,,Buy It Now,http://www.ebay.com/itm/Selfie-Extendable-Handheld-Telescoping-Pole-Monopod-Bracket-for-iPhone-Android-/131303992241?pt=US_Mounts_Holders&var=&hash=item1e9253ebb1
171474127145,Ultra Slim Flip Cover Case with View Window for Apple iPhone 6 Plus - 5.5 inch,$9.25,428+ sold,From United Kingdom,UK Seller - Free 1st Class Delivery - Same Day Dispatch,Buy It Now,http://www.ebay.com/itm/Ultra-Slim-Flip-Cover-Case-with-View-Window-for-Apple-iPhone-6-Plus-5-5-inch-/171474127145?pt=UK_MobilePhones_MobilePhonesCasesPouches&var=&hash=item27eca78929
190933998561,FRONT OUTER SCREEN GLASS LENS REPLACEMENT FOR SAMSUNG GALAXY S3 III I9300 TOOLS,,508+ sold,From United Kingdom,,Buy It Now,http://www.ebay.com/itm/FRONT-OUTER-SCREEN-GLASS-LENS-REPLACEMENT-FOR-SAMSUNG-GALAXY-S3-III-I9300-TOOLS-/190933998561?pt=UK_MobilePhones_MobilePhonesCasesPouches&var=&hash=item2c748d9be1
271515025308,1PC Klick Quick Button Dustproof Plug For Andriod Smartphone 3.5mm Jack,$1.17,2306 sold,From Hong Kong,,Buy It Now,http://www.ebay.com/itm/1PC-Klick-Quick-Button-Dustproof-Plug-For-Andriod-Smartphone-3-5mm-Jack-/271515025308?pt=US_Other_Cell_Phone_Accessories&hash=item3f378e7f9c
400623831721,New Cassette Tape Silicone Rubber Back Case Cover Skin For Apple Iphone 5 5S,,919+ sold,From Hong Kong,,Buy It Now,http://www.ebay.com/itm/New-Cassette-Tape-Silicone-Rubber-Back-Case-Cover-Skin-For-Apple-Iphone-5-5S-/400623831721?pt=US_Cell_Phone_PDA_Cases&var=&hash=item5d470a8aa9
121285905614,Soft Rubber TPU Gel Silicone Case Skin Cover For HTC Desire 601 Zara,$2.90,125+ sold,From China,,Buy It Now,http://www.ebay.com/itm/Soft-Rubber-TPU-Gel-Silicone-Case-Skin-Cover-For-HTC-Desire-601-Zara-/121285905614?pt=US_Cell_Phone_PDA_Cases&var=&hash=item1c3d340cce
271515025308,1PC Klick Quick Button Dustproof Plug For Andriod Smartphone 3.5mm Jack,$1.17,2306 sold,From Hong Kong,,Buy It Now,http://www.ebay.com/itm/1PC-Klick-Quick-Button-Dustproof-Plug-For-Andriod-Smartphone-3-5mm-Jack-/271515025308?pt=US_Other_Cell_Phone_Accessories&hash=item3f378e7f9c
181508363471,Ultra-thin Transparent Gel Case Cover For LG G2 G3 Beat mini Nexus 4 5 L70 L90,$4.59,114+ sold,From Hong Kong,"Full Protect , New LG G3 D850 D855 F400 , G3 S D722 L80",Buy It Now,http://www.ebay.com/itm/Ultra-thin-Transparent-Gel-Case-Cover-For-LG-G2-G3-Beat-mini-Nexus-4-5-L70-L90-/181508363471?pt=US_Cell_Phone_PDA_Cases&var=&hash=item2a42bdd4cf
171405337050,,,198+ sold,From China,Buy 2 get 3pcs !!! & 3pcs screen protector !!!,Buy It Now,http://www.ebay.com/itm/Ultra-Thin-Transparent-Gel-Skin-Hybrid-Case-Cover-Luminous-Glow-For-iPhone-5s-4s-/171405337050?pt=US_Cell_Phone_PDA_Cases&var=&hash=item27e88de1da
271537699932,"5.5"" Original For DOOGEE Dagger DG550 MTK6592 Leather Stand Flip Case Cover NEW",,179+ sold,From China,,Buy It Now,http://www.ebay.com/itm/5-5-Original-For-DOOGEE-Dagger-DG550-MTK6592-Leather-Stand-Flip-Case-Cover-NEW-/271537699932?pt=US_Cell_Phone_PDA_Cases&var=&hash=item3f38e87c5c
121431954971,For Apple iPhone 6 Case Slim Transparent Crystal Clear Hard TPU Back Cover,$3.81,383+ sold,From United States,Same Day Ship w Tracking# and Free Gifts!,Buy It Now,http://www.ebay.com/itm/For-Apple-iPhone-6-Case-Slim-Transparent-Crystal-Clear-Hard-TPU-Back-Cover-/121431954971?pt=US_Cell_Phone_PDA_Cases&var=&hash=item1c45e8961b
121431954971,For Apple iPhone 6 Case Slim Transparent Crystal Clear Hard TPU Back Cover,$3.81,383+ sold,From United States,Same Day Ship w Tracking# and Free Gifts!,Buy It Now,http://www.ebay.com/itm/For-Apple-iPhone-6-Case-Slim-Transparent-Crystal-Clear-Hard-TPU-Back-Cover-/121431954971?pt=US_Cell_Phone_PDA_Cases&var=&hash=item1c45e8961b
171150872369,"Gel TPU S-Line Silicone Case Skin Cover for Samsung Galaxy Xcover 2 , S7710",$1.97,214+ sold,From Hong Kong,,Buy It Now,http://www.ebay.com/itm/Gel-TPU-S-Line-Silicone-Case-Skin-Cover-for-Samsung-Galaxy-Xcover-2-S7710-/171150872369?pt=US_Cell_Phone_PDA_Cases&var=&hash=item27d9630f31
261508172306,Hybrid Stand Magnetic Flip Leather Wallet Case Cover Pouch For Samsung Galaxy S3,$4.08,143+ sold,From China,,Buy It Now,http://www.ebay.com/itm/Hybrid-Stand-Magnetic-Flip-Leather-Wallet-Case-Cover-Pouch-For-Samsung-Galaxy-S3-/261508172306?pt=US_Cell_Phone_PDA_Cases&var=&hash=item3ce31a0a12
251580854031,New Book Flip PU Leather Wallet Case Cover For SAMSUNG Galaxy S3 mini i8190,,108+ sold,From United Kingdom,For S3 mini ★Premium Quality★Free Screen Protector★,Buy It Now,http://www.ebay.com/itm/New-Book-Flip-PU-Leather-Wallet-Case-Cover-For-SAMSUNG-Galaxy-S3-mini-i8190-/251580854031?pt=UK_MobilePhones_MobilePhonesCasesPouches&var=&hash=item3a93632f0f
111379521019,Micro USB to Magnetic Magnet Charger Adapter for Sony Xperia Z1 Ultra XL39h,,588+ sold,From Hong Kong,,Buy It Now,http://www.ebay.com/itm/Micro-USB-to-Magnetic-Magnet-Charger-Adapter-for-Sony-Xperia-Z1-Ultra-XL39h-/111379521019?pt=US_Cell_Phone_PDA_Cables_Adapters&var=&hash=item19eebc9dfb
281410780239,Flip Slim S-VIEW Smart Case Battery Cover For Samsung GALAXY SIV S4 I9500,$2.45,389+ sold,From China,,Buy It Now,http://www.ebay.com/itm/Flip-Slim-S-VIEW-Smart-Case-Battery-Cover-For-Samsung-GALAXY-SIV-S4-I9500-/281410780239?pt=US_Cell_Phone_PDA_Cases&var=&hash=item418563bc4f
321375563667,LEATHER CASE COVER WALLET WITH LIGHT FOR AMAZON KINDLE 4 4TH GEN & KOBO TOUCH,,169+ sold,From United Kingdom,~ FREE LED LIGHT ~ FREE 1st CLASS POST,Buy It Now,http://www.ebay.com/itm/LEATHER-CASE-COVER-WALLET-WITH-LIGHT-FOR-AMAZON-KINDLE-4-4TH-GEN-KOBO-TOUCH-/321375563667?pt=UK_MobilePhones_MobilePhonesCasesPouches&var=&hash=item4ad379ef93
190933998561,FRONT OUTER SCREEN GLASS LENS REPLACEMENT FOR SAMSUNG GALAXY S3 III I9300 TOOLS,,508+ sold,From United Kingdom,,Buy It Now,http://www.ebay.com/itm/FRONT-OUTER-SCREEN-GLASS-LENS-REPLACEMENT-FOR-SAMSUNG-GALAXY-S3-III-I9300-TOOLS-/190933998561?pt=UK_MobilePhones_MobilePhonesCasesPouches&var=&hash=item2c748d9be1
271515025308,1PC Klick Quick Button Dustproof Plug For Andriod Smartphone 3.5mm Jack,$1.17,2306 sold,From Hong Kong,,Buy It Now,http://www.ebay.com/itm/1PC-Klick-Quick-Button-Dustproof-Plug-For-Andriod-Smartphone-3-5mm-Jack-/271515025308?pt=US_Other_Cell_Phone_Accessories&hash=item3f378e7f9c
310925082421,Hyperion Samsung Galaxy S4 7500mAh MicroPack Extended Battery + Back Cover,$34.99,116+ sold,From United States,Longest lasting battery for the Galaxy S4 / SIV,Buy It Now,http://www.ebay.com/itm/Hyperion-Samsung-Galaxy-S4-7500mAh-MicroPack-Extended-Battery-Back-Cover-/310925082421?pt=US_Cell_Phone_PDA_Batteries&var=&hash=item4864943f35
380745579914,ULTRA THIN 3D AQUA WATER RAINDROP CRYSTAL SERIES BACK CASE COVER FOR IPHONE 5 5S,$1.47,1288+ sold,From China,,Buy It Now,http://www.ebay.com/itm/ULTRA-THIN-3D-AQUA-WATER-RAINDROP-CRYSTAL-SERIES-BACK-CASE-COVER-FOR-IPHONE-5-5S-/380745579914?pt=US_Cell_Phone_PDA_Cases&var=&hash=item58a6347d8a
200966137683,NW Stylish Soft Silicone TPU Matte Case Skin Cover for Apple iPhone 4 4S 4G BD4U,$0.99,1335+ sold,From China,,Buy It Now,http://www.ebay.com/itm/NW-Stylish-Soft-Silicone-TPU-Matte-Case-Skin-Cover-for-Apple-iPhone-4-4S-4G-BD4U-/200966137683?pt=US_Cell_Phone_PDA_Cases&var=&hash=item2eca83e753
190969581632,SNAKEHIVE® Genuine Real Leather Flip Case Cover for Sony Xperia Z1,$15.47,386+ sold,From United Kingdom,Top Quality Genuine Leather. Free UK 1st Class P&P.,Buy It Now,http://www.ebay.com/itm/SNAKEHIVE-Genuine-Real-Leather-Flip-Case-Cover-for-Sony-Xperia-Z1-/190969581632?pt=UK_MobilePhones_MobilePhonesCasesPouches&var=&hash=item2c76ac9040
400494431368,Leather Flip Case Cover Screen Protector For Samsung Galaxy S3 III I9300 & I9305,$2.63,174+ sold,From United Kingdom,,Buy It Now,http://www.ebay.com/itm/Leather-Flip-Case-Cover-Screen-Protector-For-Samsung-Galaxy-S3-III-I9300-I9305-/400494431368?pt=UK_MobilePhones_MobilePhonesCasesPouches&var=&hash=item5d3f540c88
400623831721,New Cassette Tape Silicone Rubber Back Case Cover Skin For Apple Iphone 5 5S,,919+ sold,From Hong Kong,,Buy It Now,http://www.ebay.com/itm/New-Cassette-Tape-Silicone-Rubber-Back-Case-Cover-Skin-For-Apple-Iphone-5-5S-/400623831721?pt=US_Cell_Phone_PDA_Cases&var=&hash=item5d470a8aa9
121285905614,Soft Rubber TPU Gel Silicone Case Skin Cover For HTC Desire 601 Zara,$2.90,125+ sold,From China,,Buy It Now,http://www.ebay.com/itm/Soft-Rubber-TPU-Gel-Silicone-Case-Skin-Cover-For-HTC-Desire-601-Zara-/121285905614?pt=US_Cell_Phone_PDA_Cases&var=&hash=item1c3d340cce
181434790442,New Gold Frame Luxury Leather Chrome Hard Back Case Cover For iPhone 5 /5s,$0.99,167+ sold,From China,,Buy It Now,http://www.ebay.com/itm/New-Gold-Frame-Luxury-Leather-Chrome-Hard-Back-Case-Cover-For-iPhone-5-5s-/181434790442?pt=US_Cell_Phone_PDA_Cases&var=&hash=item2a3e5b322a
121375676091,Genuine Samsung Handsfree Headphones Earphones Galaxy S4 i9500 i9505 White,$4.65,1262 sold,From United Kingdom,★MORE THAN 1200 SOLD★FREE P&P★100% GENUINE★2PM POST★,Buy It Now,http://www.ebay.com/itm/Genuine-Samsung-Handsfree-Headphones-Earphones-Galaxy-S4-i9500-i9505-White-/121375676091?pt=UK_Mobile_Home_Phones_Bluetooth_Acc_ET&hash=item1c428dd6bb
181434790442,New Gold Frame Luxury Leather Chrome Hard Back Case Cover For iPhone 5 /5s,$0.99,167+ sold,From China,,Buy It Now,http://www.ebay.com/itm/New-Gold-Frame-Luxury-Leather-Chrome-Hard-Back-Case-Cover-For-iPhone-5-5s-/181434790442?pt=US_Cell_Phone_PDA_Cases&var=&hash=item2a3e5b322a
291197950215,S Line Soft TPU Gel Silicone Case Cover Skin For Sony Xperia M2 S50h /Dual D2302,,312+ sold,From Hong Kong,,Buy It Now,http://www.ebay.com/itm/S-Line-Soft-TPU-Gel-Silicone-Case-Cover-Skin-For-Sony-Xperia-M2-S50h-Dual-D2302-/291197950215?pt=US_Cell_Phone_PDA_Cases&var=&hash=item43ccc01907
141320943233,Premium Tempered Glass Screen Protector Film  For Samsung Galaxy S5,$3.29,711+ sold,From China,,Buy It Now,http://www.ebay.com/itm/Premium-Tempered-Glass-Screen-Protector-Film-For-Samsung-Galaxy-S5-/141320943233?pt=US_Cell_Phone_Screen_Protectors&var=&hash=item20e7627681
281391534459,Hot sale 3D Cartoon Silicone Skin Case Cover for Samsung  Galaxy S III S3 i9300,$3.59,162+ sold,From China,,Buy It Now,http://www.ebay.com/itm/Hot-sale-3D-Cartoon-Silicone-Skin-Case-Cover-for-Samsung-Galaxy-S-III-S3-i9300-/281391534459?pt=US_Cell_Phone_PDA_Cases&var=&hash=item41843e117b
271055689425,Purple Heart Style Card Slot Wallet Leather Case Cover For iPhone 4 4G 4S,$4.99,1262 sold,From China,,Buy It Now,http://www.ebay.com/itm/Purple-Heart-Style-Card-Slot-Wallet-Leather-Case-Cover-For-iPhone-4-4G-4S-/271055689425?pt=US_Cell_Phone_PDA_Cases&hash=item3f1c2d96d1
311037713104,Shockproof Superhero Hybrid Bumper case cover for LG G3 D850 D851 D855 VS985,,179+ sold,From Hong Kong,,Buy It Now,http://www.ebay.com/itm/Shockproof-Superhero-Hybrid-Bumper-case-cover-for-LG-G3-D850-D851-D855-VS985-/311037713104?pt=US_Cell_Phone_PDA_Cases&var=&hash=item486b4adad0
121166802908,"S-Line Gel Rubber TPU Silicone Case Skin Cover for LG Optimus G E973,E975,E971",$1.97,139+ sold,From Hong Kong,,Buy It Now,http://www.ebay.com/itm/S-Line-Gel-Rubber-TPU-Silicone-Case-Skin-Cover-for-LG-Optimus-G-E973-E975-E971-/121166802908?pt=US_Cell_Phone_PDA_Cases&var=&hash=item1c361aafdc
261534561857,New Ultra Slim S-VIEW Flip PU Leather Case Cover For Huawei Ascend P6,$5.88,168+ sold,From China,,Buy It Now,http://www.ebay.com/itm/New-Ultra-Slim-S-VIEW-Flip-PU-Leather-Case-Cover-For-Huawei-Ascend-P6-/261534561857?pt=US_Cell_Phone_PDA_Cases&var=&hash=item3ce4acb641
390694944799,Handmade Artisan Natural Eco Bamboo/Walnut Hard Wood Case for apple iPhone 4s/5s,,103+ sold,From United Kingdom,Slim design Fast UK Shipping eco friendly Sustainable,Buy It Now,http://www.ebay.com/itm/Handmade-Artisan-Natural-Eco-Bamboo-Walnut-Hard-Wood-Case-for-apple-iPhone-4s-5s-/390694944799?pt=UK_MobilePhones_MobilePhonesCasesPouches&var=&hash=item5af73bc01f
181343310385,Hybrid Impact Armor Rugged Hard Stand Case Cover For LG G2 D801/F302/F340,$3.35,184+ sold,From China,,Buy It Now,http://www.ebay.com/itm/Hybrid-Impact-Armor-Rugged-Hard-Stand-Case-Cover-For-LG-G2-D801-F302-F340L-LS980-/181343310385?pt=US_Cell_Phone_PDA_Cases&var=&hash=item2a38e75231
121294268338,Jabra SPORT+ PLUS WIRELESS+ Bluetooth Stereo Headphones Black / Yellow,$49.99,1012 sold,From United States,,Buy It Now,http://www.ebay.com/itm/Jabra-SPORT-PLUS-WIRELESS-Bluetooth-Stereo-Headphones-Black-Yellow-/121294268338?pt=Bluetooth_Wireless_Products&hash=item1c3db3a7b2
310594725349,New OEM HTC BD26100 Battery For Inspire 4G & Desire HD - 35H00141-03M 1230 mAh,$4.99,4459 sold,From United States,,Buy It Now,http://www.ebay.com/itm/New-OEM-HTC-BD26100-Battery-For-Inspire-4G-Desire-HD-35H00141-03M-1230-mAh-/310594725349?pt=US_Cell_Phone_PDA_Batteries&hash=item4850e365e5
360995184853,UltraSlim Quick Circle Clear Window Flip Case Cover For ASUS ZenFone 5 ZenFone 6,,288+ sold,From Hong Kong,,Buy It Now,http://www.ebay.com/itm/UltraSlim-Quick-Circle-Clear-Window-Flip-Case-Cover-For-ASUS-ZenFone-5-ZenFone-6-/360995184853?pt=US_Cell_Phone_PDA_Cases&var=&hash=item540cfd60d5
400546672908,Black Leather Skin Case Cover For Apple iphone 4 4G 4S,$5.99,1433 sold,From China,,Buy It Now,http://www.ebay.com/itm/Black-Leather-Skin-Case-Cover-For-Apple-iphone-4-4G-4S-/400546672908?pt=US_Cell_Phone_PDA_Cases&hash=item5d4271310c
200966137683,NW Stylish Soft Silicone TPU Matte Case Skin Cover for Apple iPhone 4 4S 4G BD4U,$0.99,1335+ sold,From China,,Buy It Now,http://www.ebay.com/itm/NW-Stylish-Soft-Silicone-TPU-Matte-Case-Skin-Cover-for-Apple-iPhone-4-4S-4G-BD4U-/200966137683?pt=US_Cell_Phone_PDA_Cases&var=&hash=item2eca83e753
221258654554,Colorful Hybrid Rugged Rubber Matte Hard Case Cover For Apple iPhone 4 4S 5G 5S,,204+ sold,From Hong Kong,,Buy It Now,http://www.ebay.com/itm/Colorful-Hybrid-Rugged-Rubber-Matte-Hard-Case-Cover-For-Apple-iPhone-4-4S-5G-5S-/221258654554?pt=US_Cell_Phone_PDA_Cases&var=&hash=item33840b235a
141251248870,CaseCrown Snap on or Lux Glider Case for Samsung Galaxy S5,,141+ sold,From United States,,Buy It Now,http://www.ebay.com/itm/CaseCrown-Snap-on-or-Lux-Glider-Case-for-Samsung-Galaxy-S5-/141251248870?pt=US_Cell_Phone_PDA_Cases&var=&hash=item20e33b02e6
321573034588,"Genuine Samsung USB Data Cable Charger For Galaxy Tab 2 Tablet 7"" 8.9""10.1 P5110",$4.59,1130 sold,From United Kingdom,100% Official Samsung Product * Be Aware Of Cheap Fakes,Buy It Now,http://www.ebay.com/itm/Genuine-Samsung-USB-Data-Cable-Charger-For-Galaxy-Tab-2-Tablet-7-8-9-10-1-P5110-/321573034588?pt=UK_MobilePhones_MobilePhoneAccesories_MobilePhoneDataCables_JN&hash=item4adf3f1a5c
271297807271,,$8.09,231+ sold,From China,,Buy It Now,http://www.ebay.com/itm/D802-New-Nillkin-Fresh-PU-Leather-Skin-Flip-Case-Cover-For-LG-G2-2-/271297807271?pt=US_Cell_Phone_PDA_Cases&var=&hash=item3f2a9c03a7
281391534459,Hot sale 3D Cartoon Silicone Skin Case Cover for Samsung  Galaxy S III S3 i9300,$3.59,162+ sold,From China,,Buy It Now,http://www.ebay.com/itm/Hot-sale-3D-Cartoon-Silicone-Skin-Case-Cover-for-Samsung-Galaxy-S-III-S3-i9300-/281391534459?pt=US_Cell_Phone_PDA_Cases&var=&hash=item41843e117b
121103155454,NEW FOR SAMSUNG GALAXY NOTE 2 S PEN S-PEN #B AVAILABLE IN BLACK AND WHITE,,157+ sold,From Hong Kong,,Buy It Now,http://www.ebay.com/itm/NEW-FOR-SAMSUNG-GALAXY-NOTE-2-S-PEN-S-PEN-B-AVAILABLE-IN-BLACK-AND-WHITE-/121103155454?pt=US_Styluses&var=&hash=item1c324f80fe
181412543717,0.3mm Ultra thin Translucent Case Cover for Samsung Galaxy S4 Mini i9190 i9195,$0.99,124+ sold,From China,,Buy It Now,http://www.ebay.com/itm/0-3mm-Ultra-thin-Translucent-Case-Cover-for-Samsung-Galaxy-S4-Mini-i9190-i9195-/181412543717?pt=US_Cell_Phone_PDA_Cases&var=&hash=item2a3d07bce5
261298123397,Invisible Spy Earpiece Covert Wireless Micro mini Hidden Earphone for Mobile U11,,455+ sold,From China,"Silver Earpiece 3x1.5mm, for iPhone, Nokia, Samsung HTC",Buy It Now,http://www.ebay.com/itm/Invisible-Spy-Earpiece-Covert-Wireless-Micro-mini-Hidden-Earphone-for-Mobile-U11-/261298123397?pt=Bluetooth_Wireless_Products&var=&hash=item3cd694f285
141217749914,Flip Hybrid Leather Wallet Stand Case Cover For Samsung Galaxy SII S2 I9100,$3.89,271+ sold,From China,,Buy It Now,http://www.ebay.com/itm/Flip-Hybrid-Leather-Wallet-Stand-Case-Cover-For-Samsung-Galaxy-SII-S2-I9100-/141217749914?pt=US_Cell_Phone_PDA_Cases&var=&hash=item20e13bdb9a
141217749914,Flip Hybrid Leather Wallet Stand Case Cover For Samsung Galaxy SII S2 I9100,$3.89,271+ sold,From China,,Buy It Now,http://www.ebay.com/itm/Flip-Hybrid-Leather-Wallet-Stand-Case-Cover-For-Samsung-Galaxy-SII-S2-I9100-/141217749914?pt=US_Cell_Phone_PDA_Cases&var=&hash=item20e13bdb9a
151389460252,"USB Cable Magnetic Charger Port Adapter for Sony Xperia Z2,Z1,Z1MINI,Z",$7.99,180+ sold,From Hong Kong,,Buy It Now,http://www.ebay.com/itm/USB-Cable-Magnetic-Charger-Port-Adapter-for-Sony-Xperia-Z2-Z1-Z1MINI-Z1-COMPACT-/151389460252?pt=US_Cell_Phone_PDA_Chargers&var=&hash=item233f83d71c
201041777614,Transparent Silicone Clear Gel Case Slim Skin Soft Jelly Cover For iPhone 5 5S,,169+ sold,From United Kingdom,★★ 11 COLORS★FREE SCREEN PROTECTOR★SAME DAY POST 3PM★★,Buy It Now,http://www.ebay.com/itm/Transparent-Silicone-Clear-Gel-Case-Slim-Skin-Soft-Jelly-Cover-For-iPhone-5-5S-/201041777614?pt=UK_MobilePhones_MobilePhonesCasesPouches&var=&hash=item2ecf0613ce
131275393286,100% Original Flip PU Leather Case Cover For Oneplus One A0001 Genuine,,155+ sold,From China,,Buy It Now,http://www.ebay.com/itm/100-Original-Flip-PU-Leather-Case-Cover-For-Oneplus-One-A0001-Genuine-/131275393286?pt=US_Cell_Phone_PDA_Cases&var=&hash=item1e909f8906
231018003828,PureGear DualTek Extreme Shock Case for Samsung Galaxy S4,$12.95,142+ sold,From United States,,Buy It Now,http://www.ebay.com/itm/PureGear-DualTek-Extreme-Shock-Case-for-Samsung-Galaxy-S4-/231018003828?pt=US_Cell_Phone_PDA_Cases&var=&hash=item35c9befd74
131274543828,5V/2A Traval Fast Charge Lightning Car charger adapter For iPhone5 5s 5c 6 6plus,$5.99,176+ sold,From China,also support ipad 4 air 5 mini 1 2,Buy It Now,http://www.ebay.com/itm/5V-2A-Traval-Fast-Charge-Lightning-Car-charger-adapter-For-iPhone5-5s-5c-6-6plus-/131274543828?pt=US_Cell_Phone_PDA_Cables_Adapters&var=&hash=item1e909292d4
311037713104,Shockproof Superhero Hybrid Bumper case cover for LG G3 D850 D851 D855 VS985,,179+ sold,From Hong Kong,,Buy It Now,http://www.ebay.com/itm/Shockproof-Superhero-Hybrid-Bumper-case-cover-for-LG-G3-D850-D851-D855-VS985-/311037713104?pt=US_Cell_Phone_PDA_Cases&var=&hash=item486b4adad0
390722413542,"PU LEATHER WALLET FLIP CASE COVER & SCREEN FILM FOR MOTOROLA MOTO G & G2 5.5""",$5.05,130+ sold,From United Kingdom,1ST CLASS SHIPPING - OVER 2300 SOLD - BOTH GENERATIONS,Buy It Now,http://www.ebay.com/itm/PU-LEATHER-WALLET-FLIP-CASE-COVER-SCREEN-FILM-FOR-MOTOROLA-MOTO-G-G2-5-5-/390722413542?pt=UK_MobilePhones_MobilePhonesCasesPouches&var=&hash=item5af8dee3e6
360995184853,UltraSlim Quick Circle Clear Window Flip Case Cover For ASUS ZenFone 5 ZenFone 6,,288+ sold,From Hong Kong,,Buy It Now,http://www.ebay.com/itm/UltraSlim-Quick-Circle-Clear-Window-Flip-Case-Cover-For-ASUS-ZenFone-5-ZenFone-6-/360995184853?pt=US_Cell_Phone_PDA_Cases&var=&hash=item540cfd60d5
261588159584,Bullet Charger 3Port 2.1A+2.1A+1A Mini Universal Dual USB Car Adapter High Speed,$6.85,174+ sold,From China,,Buy It Now,http://www.ebay.com/itm/Bullet-Charger-3Port-2-1A-2-1A-1A-Mini-Universal-Dual-USB-Car-Adapter-High-Speed-/261588159584?pt=US_Cell_Phone_PDA_Chargers&var=&hash=item3ce7de8c60
200966137683,NW Stylish Soft Silicone TPU Matte Case Skin Cover for Apple iPhone 4 4S 4G BD4U,$0.99,1335+ sold,From China,,Buy It Now,http://www.ebay.com/itm/NW-Stylish-Soft-Silicone-TPU-Matte-Case-Skin-Cover-for-Apple-iPhone-4-4S-4G-BD4U-/200966137683?pt=US_Cell_Phone_PDA_Cases&var=&hash=item2eca83e753
221258654554,Colorful Hybrid Rugged Rubber Matte Hard Case Cover For Apple iPhone 4 4S 5G 5S,,204+ sold,From Hong Kong,,Buy It Now,http://www.ebay.com/itm/Colorful-Hybrid-Rugged-Rubber-Matte-Hard-Case-Cover-For-Apple-iPhone-4-4S-5G-5S-/221258654554?pt=US_Cell_Phone_PDA_Cases&var=&hash=item33840b235a
370904650226,Black Holder Car Windshield Mount Suction Stand For iphone4 4S 5 5G GPS,$2.08,1169 sold,From China,,Buy It Now,http://www.ebay.com/itm/Black-Holder-Car-Windshield-Mount-Suction-Stand-For-iphone4-4S-5-5G-GPS-/370904650226?pt=US_Mounts_Holders&hash=item565ba3d1f2
271521052535,2014 New Luxury Carbon Fiber Leather Back Cover Hard Case For HTC One 2 M8,,287+ sold,From China,,Buy It Now,http://www.ebay.com/itm/2014-New-Luxury-Carbon-Fiber-Leather-Back-Cover-Hard-Case-For-HTC-One-2-M8-/271521052535?pt=US_Cell_Phone_PDA_Cases&var=&hash=item3f37ea7777
151389460252,"USB Cable Magnetic Charger Port Adapter for Sony Xperia Z2,Z1,Z1MINI,Z",$7.99,180+ sold,From Hong Kong,,Buy It Now,http://www.ebay.com/itm/USB-Cable-Magnetic-Charger-Port-Adapter-for-Sony-Xperia-Z2-Z1-Z1MINI-Z1-COMPACT-/151389460252?pt=US_Cell_Phone_PDA_Chargers&var=&hash=item233f83d71c
111338953071,GENUINE Premium Tempered Glass Film Screen Protector for Samsung Galaxy S4 MINI,$3.08,1725 sold,From United Kingdom,Scratch Resist Shock & Water Proof ★2 FREE JELLY BUTTON,or Best Offer,http://www.ebay.com/itm/GENUINE-Premium-Tempered-Glass-Film-Screen-Protector-for-Samsung-Galaxy-S4-MINI-/111338953071?pt=UK_Computing_LaptopAccessories_RL&hash=item19ec51996f
201109233088,4pcs=2x（Front+,$0.85,1199 sold,From Hong Kong,,Buy It Now,http://www.ebay.com/itm/4pcs-2x-Front-Back-Clear-Screen-Protector-Cover-Film-for-Apple-iPhone-5-5S-5G-/201109233088?pt=US_Cell_Phone_Screen_Protectors&hash=item2ed30b5dc0
381026498640,"Front + Back Full Body Screen Protector Guard Cover for iPhone 6 4.7"" Plus 5.5""",$1.85,169+ sold,From China,,Buy It Now,http://www.ebay.com/itm/Front-Back-Full-Body-Screen-Protector-Guard-Cover-for-iPhone-6-4-7-Plus-5-5-/381026498640?pt=US_Cell_Phone_Screen_Protectors&var=&hash=item58b6f2f850
400512981572,Cute Bow Bumper Frame Phone Case Skin Cover For Samsung Galaxy S3 S III i9300,$1.99,200+ sold,From Hong Kong,,Buy It Now,http://www.ebay.com/itm/Cute-Bow-Bumper-Frame-Phone-Case-Skin-Cover-For-Samsung-Galaxy-S3-S-III-i9300-/400512981572?pt=US_Cell_Phone_PDA_Cases&var=&hash=item5d406f1a44
121103155454,NEW FOR SAMSUNG GALAXY NOTE 2 S PEN S-PEN #B AVAILABLE IN BLACK AND WHITE,,157+ sold,From Hong Kong,,Buy It Now,http://www.ebay.com/itm/NEW-FOR-SAMSUNG-GALAXY-NOTE-2-S-PEN-S-PEN-B-AVAILABLE-IN-BLACK-AND-WHITE-/121103155454?pt=US_Styluses&var=&hash=item1c324f80fe
350946680052,Ultra Thin Sweet Beauty Translucent Case Cover Skin for Huawei Ascend P6,,209+ sold,From Hong Kong,,Buy It Now,http://www.ebay.com/itm/Ultra-Thin-Sweet-Beauty-Translucent-Case-Cover-Skin-for-Huawei-Ascend-P6-/350946680052?pt=US_Cell_Phone_PDA_Cases&var=&hash=item51b60d5cf4
161445346294,5V 2A Travel Wall Charger MICRO USB Cable US/EU Plug For Samsung Galaxy S4 S3,$4.49,116+ sold,From China,,Buy It Now,http://www.ebay.com/itm/5V-2A-Travel-Wall-Charger-MICRO-USB-Cable-US-EU-Plug-For-Samsung-Galaxy-S4-S3-/161445346294?pt=US_Cell_Phone_PDA_Chargers&var=&hash=item2596e47bf6
191375129964,Promotion Glossy HD Tempered Glass Screen Protector For Blackberry Passport 4.5”,,110+ sold,From China,,Buy It Now,http://www.ebay.com/itm/Promotion-Glossy-HD-Tempered-Glass-Screen-Protector-For-Blackberry-Passport-4-5-/191375129964?pt=US_Cell_Phone_Screen_Protectors&var=&hash=item2c8ed8bd6c
131207575978,Premium Tempered Glass Film Screen Protector for Samsung Galaxy S4 Mini i9190,$3.27,1180 sold,From United Kingdom,Scratch Resist Anti-Explosion Shock Proof Water Proof,Buy It Now,http://www.ebay.com/itm/Premium-Tempered-Glass-Film-Screen-Protector-for-Samsung-Galaxy-S4-Mini-i9190-/131207575978?pt=UK_Computing_LaptopAccessories_RL&hash=item1e8c94b9aa
310713245215,NEW LEATHER SERIES CASE COVER FOR SAMSUNG GALAXY ACE 3 S7270 & SCP + MINI STYLUS,$2.32,175+ sold,From United Kingdom,,Buy It Now,http://www.ebay.com/itm/NEW-LEATHER-SERIES-CASE-COVER-FOR-SAMSUNG-GALAXY-ACE-3-S7270-SCP-MINI-STYLUS-/310713245215?pt=UK_MobilePhones_MobilePhonesCasesPouches&var=&hash=item4857f3de1f
390722413542,"PU LEATHER WALLET FLIP CASE COVER & SCREEN FILM FOR MOTOROLA MOTO G & G2 5.5""",$5.05,130+ sold,From United Kingdom,1ST CLASS SHIPPING - OVER 2300 SOLD - BOTH GENERATIONS,Buy It Now,http://www.ebay.com/itm/PU-LEATHER-WALLET-FLIP-CASE-COVER-SCREEN-FILM-FOR-MOTOROLA-MOTO-G-G2-5-5-/390722413542?pt=UK_MobilePhones_MobilePhonesCasesPouches&var=&hash=item5af8dee3e6
390722413542,"PU LEATHER WALLET FLIP CASE COVER & SCREEN FILM FOR MOTOROLA MOTO G & G2 5.5""",$5.05,130+ sold,From United Kingdom,1ST CLASS SHIPPING - OVER 2300 SOLD - BOTH GENERATIONS,Buy It Now,http://www.ebay.com/itm/PU-LEATHER-WALLET-FLIP-CASE-COVER-SCREEN-FILM-FOR-MOTOROLA-MOTO-G-G2-5-5-/390722413542?pt=UK_MobilePhones_MobilePhonesCasesPouches&var=&hash=item5af8dee3e6
181412543717,0.3mm Ultra thin Translucent Case Cover for Samsung Galaxy S4 Mini i9190 i9195,$0.99,124+ sold,From China,,Buy It Now,http://www.ebay.com/itm/0-3mm-Ultra-thin-Translucent-Case-Cover-for-Samsung-Galaxy-S4-Mini-i9190-i9195-/181412543717?pt=US_Cell_Phone_PDA_Cases&var=&hash=item2a3d07bce5
221456208969,"Sinjimoru Aluminum Sync Charge Dock Stand LG G3 Flex Moto X, Droid Maxx, Nexus 5",$19.99,113+ sold,From United States,,Buy It Now,http://www.ebay.com/itm/Sinjimoru-Aluminum-Sync-Charge-Dock-Stand-LG-G3-Flex-Moto-X-Droid-Maxx-Nexus-5-/221456208969?pt=US_Cell_Phone_PDA_Chargers&var=&hash=item338fd19449
291197949151,S Line Wave Soft TPU Gel Silicone Back Case Cover Skin For HTC Desire 310 D310W,,229+ sold,From Hong Kong,,Buy It Now,http://www.ebay.com/itm/S-Line-Wave-Soft-TPU-Gel-Silicone-Back-Case-Cover-Skin-For-HTC-Desire-310-D310W-/291197949151?pt=US_Cell_Phone_PDA_Cases&var=&hash=item43ccc014df
261298123397,Invisible Spy Earpiece Covert Wireless Micro mini Hidden Earphone for Mobile U11,,351+ sold,From China,"Silver Earpiece 3x1.5mm, for iPhone, Nokia, Samsung HTC",Buy It Now,http://www.ebay.com/itm/Invisible-Spy-Earpiece-Covert-Wireless-Micro-mini-Hidden-Earphone-for-Mobile-U11-/261298123397?pt=Bluetooth_Wireless_Products&var=&hash=item3cd694f285
390501602134,NEW XtremeGuard Clear LCD Screen Protector Shield Skin For HTC Droid DNA,$1.99,1663 sold,From United States,,Buy It Now,http://www.ebay.com/itm/NEW-XtremeGuard-Clear-LCD-Screen-Protector-Shield-Skin-For-HTC-Droid-DNA-/390501602134?pt=US_Cell_Phone_Screen_Protectors&hash=item5aebb59356
231071534897,Apple iPhone 6 Hollow Bird Nest Snap On Phone Case Cover For iPhone 5s 5c 5 4s 4,,232+ sold,From Hong Kong,,Buy It Now,http://www.ebay.com/itm/Apple-iPhone-6-Hollow-Bird-Nest-Snap-On-Phone-Case-Cover-For-iPhone-5s-5c-5-4s-4-/231071534897?pt=US_Cell_Phone_PDA_Cases&var=&hash=item35ccefcf31
271143551656,S-LINE WAVE GRIP SERIES SILICONE GEL CASE COVER FOR APPLE IPHONE 5 5G,$1.54,146+ sold,From United Kingdom,,Buy It Now,http://www.ebay.com/itm/S-LINE-WAVE-GRIP-SERIES-SILICONE-GEL-CASE-COVER-FOR-APPLE-IPHONE-5-5G-/271143551656?pt=UK_MobilePhones_MobilePhonesCasesPouches&var=&hash=item3f216a42a8
141192766893,Hot Despicable Me The Minion Beedo Earphone Earbud Headset 3.5mm In-ear Yellow,$2.59,145+ sold,From China,,Buy It Now,http://www.ebay.com/itm/Hot-Despicable-Me-The-Minion-Beedo-Earphone-Earbud-Headset-3-5mm-In-ear-Yellow-/141192766893?pt=Bluetooth_Wireless_Products&var=&hash=item20dfbea5ad
300870694936,Deluxe Rubber Heavy Duty Hybrid Stand Hard Case Cover For LG E960 Google Nexus 4,$6.99,207+ sold,From China,,Buy It Now,http://www.ebay.com/itm/Deluxe-Rubber-Heavy-Duty-Hybrid-Stand-Hard-Case-Cover-For-LG-E960-Google-Nexus-4-/300870694936?pt=US_Cell_Phone_PDA_Cases&var=&hash=item460d4a7818
310534228187,LEATHER FLIP CASE COVER FOR NOKIA LUMIA 920 FREE SCREEN PROTECTOR,$3.09,720+ sold,From United Kingdom,★VARIOUS COLOURS★FREE SCREEN PROTECTOR★SAME DAY 3PM★,Buy It Now,http://www.ebay.com/itm/LEATHER-FLIP-CASE-COVER-FOR-NOKIA-LUMIA-920-FREE-SCREEN-PROTECTOR-/310534228187?pt=UK_MobilePhones_MobilePhonesCasesPouches&var=&hash=item484d4848db
191384431570,Unique Design Zipper Earphone Stereo 3.5mm Jack Earbuds Earphones with Mic,,104+ sold,From Hong Kong,,Buy It Now,http://www.ebay.com/itm/Unique-Design-Zipper-Earphone-Stereo-3-5mm-Jack-Earbuds-Earphones-with-Mic-/191384431570?pt=Bluetooth_Wireless_Products&var=&hash=item2c8f66abd2
191384431570,Unique Design Zipper Earphone Stereo 3.5mm Jack Earbuds Earphones with Mic,,104+ sold,From Hong Kong,,Buy It Now,http://www.ebay.com/itm/Unique-Design-Zipper-Earphone-Stereo-3-5mm-Jack-Earbuds-Earphones-with-Mic-/191384431570?pt=Bluetooth_Wireless_Products&var=&hash=item2c8f66abd2
271143551656,S-LINE WAVE GRIP SERIES SILICONE GEL CASE COVER FOR APPLE IPHONE 5 5G,$1.54,266+ sold,From United Kingdom,,Buy It Now,http://www.ebay.com/itm/S-LINE-WAVE-GRIP-SERIES-SILICONE-GEL-CASE-COVER-FOR-APPLE-IPHONE-5-5G-/271143551656?pt=UK_MobilePhones_MobilePhonesCasesPouches&var=&hash=item3f216a42a8
161176445654,Textured Wood Effect Skin For LG NEXUS 5 Wrap Cover Sticker Protector Decal Case,$6.20,100+ sold,From United Kingdom,,Buy It Now,http://www.ebay.com/itm/Textured-Wood-Effect-Skin-For-LG-NEXUS-5-Wrap-Cover-Sticker-Protector-Decal-Case-/161176445654?pt=UK_MobilePhones_MobilePhonesCasesPouches&var=&hash=item2586dd62d6
161198780958,Armor Rugged Hybrid Impact Hard Case Cover For Samsung Galaxy S4 Active i9295,$5.99,122+ sold,From United States,,Buy It Now,http://www.ebay.com/itm/Armor-Rugged-Hybrid-Impact-Hard-Case-Cover-For-Samsung-Galaxy-S4-Active-i9295-/161198780958?pt=US_Cell_Phone_PDA_Cases&var=&hash=item258832321e
161285556081,Painted Beautiful Scenery Hard Back Case Cover Skin For Apple iPhone4 4S 5 5S 5C,,143+ sold,From China,,Buy It Now,http://www.ebay.com/itm/Painted-Beautiful-Scenery-Hard-Back-Case-Cover-Skin-For-Apple-iPhone4-4S-5-5S-5C-/161285556081?pt=US_Cell_Phone_PDA_Cases&var=&hash=item258d5e4771
141192766893,Hot Despicable Me The Minion Beedo Earphone Earbud Headset 3.5mm In-ear Yellow,$2.59,145+ sold,From China,,Buy It Now,http://www.ebay.com/itm/Hot-Despicable-Me-The-Minion-Beedo-Earphone-Earbud-Headset-3-5mm-In-ear-Yellow-/141192766893?pt=Bluetooth_Wireless_Products&var=&hash=item20dfbea5ad
161176445654,Textured Wood Effect Skin For LG NEXUS 5 Wrap Cover Sticker Protector Decal Case,$6.20,100+ sold,From United Kingdom,,Buy It Now,http://www.ebay.com/itm/Textured-Wood-Effect-Skin-For-LG-NEXUS-5-Wrap-Cover-Sticker-Protector-Decal-Case-/161176445654?pt=UK_MobilePhones_MobilePhonesCasesPouches&var=&hash=item2586dd62d6
161198780958,Armor Rugged Hybrid Impact Hard Case Cover For Samsung Galaxy S4 Active i9295,$5.99,122+ sold,From United States,,Buy It Now,http://www.ebay.com/itm/Armor-Rugged-Hybrid-Impact-Hard-Case-Cover-For-Samsung-Galaxy-S4-Active-i9295-/161198780958?pt=US_Cell_Phone_PDA_Cases&var=&hash=item258832321e
161198780958,Armor Rugged Hybrid Impact Hard Case Cover For Samsung Galaxy S4 Active i9295,$5.99,122+ sold,From United States,,Buy It Now,http://www.ebay.com/itm/Armor-Rugged-Hybrid-Impact-Hard-Case-Cover-For-Samsung-Galaxy-S4-Active-i9295-/161198780958?pt=US_Cell_Phone_PDA_Cases&var=&hash=item258832321e
161285556081,Painted Beautiful Scenery Hard Back Case Cover Skin For Apple iPhone4 4S 5 5S 5C,,143+ sold,From China,,Buy It Now,http://www.ebay.com/itm/Painted-Beautiful-Scenery-Hard-Back-Case-Cover-Skin-For-Apple-iPhone4-4S-5-5S-5C-/161285556081?pt=US_Cell_Phone_PDA_Cases&var=&hash=item258d5e4771
121135024338,OEM USB Charging Data Cable for Samsung Galaxy Tab 2 7.0 P3100 P3110,$2.99,1126 sold,From Hong Kong,,Buy It Now,http://www.ebay.com/itm/OEM-USB-Charging-Data-Cable-for-Samsung-Galaxy-Tab-2-7-0-P3100-P3110-/121135024338?pt=US_Cell_Phone_PDA_Cables_Adapters&hash=item1c3435c8d2
231355767757,Universal USB Port Plug 5V 1A AC Power Wall Charger EU/US Plug for Samsung S4 S3,$1.40,266+ sold,From China,,Buy It Now,http://www.ebay.com/itm/Universal-USB-Port-Plug-5V-1A-AC-Power-Wall-Charger-EU-US-Plug-for-Samsung-S4-S3-/231355767757?pt=US_Cell_Phone_PDA_Cables_Adapters&var=&hash=item35dde0dbcd
150943341857,BLACK RUGGED HYBRID CASE COVER BELT CLIP HOLSTER WITH STAND SAMSUNG GALAXY S3,$7.24,1408 sold,From United States,,Buy It Now,http://www.ebay.com/itm/BLACK-RUGGED-HYBRID-CASE-COVER-BELT-CLIP-HOLSTER-WITH-STAND-SAMSUNG-GALAXY-S3-/150943341857?pt=US_Cell_Phone_PDA_Cases&hash=item2324ec9d21
131275553448,Premium Real Tempered Glass Screen Protector Film Guard for Apple iPhone 5/5S/5C,$3.99,1001 sold,From United States,,Buy It Now,http://www.ebay.com/itm/Premium-Real-Tempered-Glass-Screen-Protector-Film-Guard-for-Apple-iPhone-5-5S-5C-/131275553448?pt=US_Cell_Phone_Screen_Protectors&hash=item1e90a1faa8
190862189127,SNAKEHIVE® Genuine Real Leather Flip Case Cover for Nokia Lumia 920,$15.47,252+ sold,From United Kingdom,Top Quality Genuine Leather. Free UK 1st Class P&P.,Buy It Now,http://www.ebay.com/itm/SNAKEHIVE-Genuine-Real-Leather-Flip-Case-Cover-for-Nokia-Lumia-920-/190862189127?pt=UK_MobilePhones_MobilePhonesCasesPouches&var=&hash=item2c7045e247
331248452802,Durable Snap On Rubber Matte TPU Gel Cover Case For Apple iPhone 4 4S 5 5S Gift,$1.40,177+ sold,From China,,Buy It Now,http://www.ebay.com/itm/Durable-Snap-On-Rubber-Matte-TPU-Gel-Cover-Case-For-Apple-iPhone-4-4S-5-5S-Gift-/331248452802?pt=US_Cell_Phone_PDA_Cases&var=&hash=item4d1ff244c2
261110168474,5x HD Clear Transparent Front Screen Protector Guard Film Cover for iPhone 4 4S,$2.49,2216 sold,From China,,Buy It Now,http://www.ebay.com/itm/5x-HD-Clear-Transparent-Front-Screen-Protector-Guard-Film-Cover-for-iPhone-4-4S-/261110168474?pt=US_Cell_Phone_Screen_Protectors&hash=item3ccb60fb9a
290964553058,"S Line TPU Gel Silicone Case Skin Cover For Samsung Galaxy Core GT- i8260, i8262",$1.97,124+ sold,From Hong Kong,,Buy It Now,http://www.ebay.com/itm/S-Line-TPU-Gel-Silicone-Case-Skin-Cover-For-Samsung-Galaxy-Core-GT-i8260-i8262-/290964553058?pt=US_Cell_Phone_PDA_Cases&var=&hash=item43bed6bd62
131275553448,Premium Real Tempered Glass Screen Protector Film Guard for Apple iPhone 5/5S/5C,$3.99,1001 sold,From United States,,Buy It Now,http://www.ebay.com/itm/Premium-Real-Tempered-Glass-Screen-Protector-Film-Guard-for-Apple-iPhone-5-5S-5C-/131275553448?pt=US_Cell_Phone_Screen_Protectors&hash=item1e90a1faa8
141075537388,ULTRA SLIM DOT HOLE GEL SILICONE CASE COVER FOR APPLE IPHONE 5C + SCREEN GUARD,$1.54,103+ sold,From United Kingdom,NEW IN STOCK FOR 5C - FREE SCREEN GUARD - SAME DAY 3PM,Buy It Now,http://www.ebay.com/itm/ULTRA-SLIM-DOT-HOLE-GEL-SILICONE-CASE-COVER-FOR-APPLE-IPHONE-5C-SCREEN-GUARD-/141075537388?pt=UK_MobilePhones_MobilePhonesCasesPouches&var=&hash=item20d8c1ddec
181472120334,Waterproof Dry Pouch Bag Case Cover For iPhone 6 5S 5C Samsung S3 S4 S5 Note 2 3,$1.89,165+ sold,From China,,Buy It Now,http://www.ebay.com/itm/Waterproof-Dry-Pouch-Bag-Case-Cover-For-iPhone-6-5S-5C-Samsung-S3-S4-S5-Note-2-3-/181472120334?pt=US_Cell_Phone_PDA_Cases&var=&hash=item2a4094ce0e
261110168474,5x HD Clear Transparent Front Screen Protector Guard Film Cover for iPhone 4 4S,$2.49,2216 sold,From China,,Buy It Now,http://www.ebay.com/itm/5x-HD-Clear-Transparent-Front-Screen-Protector-Guard-Film-Cover-for-iPhone-4-4S-/261110168474?pt=US_Cell_Phone_Screen_Protectors&hash=item3ccb60fb9a
290670270989,New Deep Plum Purple Battery Door Back Cover For NOKIA Nseries N95,$1.69,1161 sold,From China,,Buy It Now,http://www.ebay.com/itm/New-Deep-Plum-Purple-Battery-Door-Back-Cover-For-NOKIA-Nseries-N95-/290670270989?pt=US_Cell_Phone_PDA_Cases&hash=item43ad4c5a0d
290670270989,New Deep Plum Purple Battery Door Back Cover For NOKIA Nseries N95,$1.69,1161 sold,From China,,Buy It Now,http://www.ebay.com/itm/New-Deep-Plum-Purple-Battery-Door-Back-Cover-For-NOKIA-Nseries-N95-/290670270989?pt=US_Cell_Phone_PDA_Cases&hash=item43ad4c5a0d
271352190342,Micro USB 5Pin & 11Pin MHL To HDMI 1080P HDTV AV Cable Adapter For Android Phone,$4.89,149+ sold,From China,,Buy It Now,http://www.ebay.com/itm/Micro-USB-5Pin-11Pin-MHL-To-HDMI-1080P-HDTV-AV-Cable-Adapter-For-Android-Phone-/271352190342?pt=US_Cell_Phone_PDA_Cables_Adapters&var=&hash=item3f2dd9d586
271297807271,,$8.09,226+ sold,From China,,Buy It Now,http://www.ebay.com/itm/D802-New-Nillkin-Fresh-PU-Leather-Skin-Flip-Case-Cover-For-LG-G2-2-/271297807271?pt=US_Cell_Phone_PDA_Cases&var=&hash=item3f2a9c03a7
130764597328,SAMSUNG GALAXY S III 3 GS3 I747 T999 NS PRO RJ45 UNLOCK UART CABLE S7070 C3300K,$11.99,1094 sold,From United States,,Buy It Now,http://www.ebay.com/itm/SAMSUNG-GALAXY-S-III-3-GS3-I747-T999-NS-PRO-RJ45-UNLOCK-UART-CABLE-S7070-C3300K-/130764597328?pt=US_Cell_Phone_PDA_Cables_Adapters&hash=item1e722d6850
271398454078,Brushed Metal Skin For SONY XPERIA Z1 & Z1 COMPACT Decal Wrap Cover Case,$7.76,213+ sold,From United Kingdom,,Buy It Now,http://www.ebay.com/itm/Brushed-Metal-Skin-For-SONY-XPERIA-Z1-Z1-COMPACT-Decal-Wrap-Cover-Case-/271398454078?pt=UK_MobilePhones_MobilePhonesCasesPouches&var=&hash=item3f309bc33e
400777419745,for Samsung Galaxy Note 4 (N910) - Luxury PU Leather Wallet Case Hard Flip Cover,,229+ sold,From United States,,Buy It Now,http://www.ebay.com/itm/for-Samsung-Galaxy-Note-4-N910-Luxury-PU-Leather-Wallet-Case-Hard-Flip-Cover-/400777419745?pt=US_Cell_Phone_PDA_Cases&var=&hash=item5d50321be1
171246024394,PU Leather Wallet Magnetic Top Flip Phone Case Cover For Apple iPhone 4 4S 4G,,211+ sold,From United Kingdom,,Buy It Now,http://www.ebay.com/itm/PU-Leather-Wallet-Magnetic-Top-Flip-Phone-Case-Cover-For-Apple-iPhone-4-4S-4G-/171246024394?pt=UK_MobilePhones_MobilePhonesCasesPouches&var=&hash=item27df0ef6ca
321489710444,"New Hot Ultra Thin TPU Clear Soft Back Case Cover Skin For Apple 4.7"" iPhone 6",$1.45,105+ sold,From Hong Kong,,Buy It Now,http://www.ebay.com/itm/New-Hot-Ultra-Thin-TPU-Clear-Soft-Back-Case-Cover-Skin-For-Apple-4-7-iPhone-6-/321489710444?pt=US_Cell_Phone_PDA_Cases&var=&hash=item4ada47ad6c
151354816902,"New Original Flip Leather Case Cover Skin For 5"" Asus Zenfone 5 Smartphone U-D",,101+ sold,From China,,Buy It Now,http://www.ebay.com/itm/New-Original-Flip-Leather-Case-Cover-Skin-For-5-Asus-Zenfone-5-Smartphone-U-D-/151354816902?pt=US_Cell_Phone_PDA_Cases&var=&hash=item233d733986
300985121848,180°Fish Eye Lens for Apple iPhone 5S 5C 5 4S 4 Mobile iPod MacBook Air,$2.49,1877 sold,From China,,or Best Offer,http://www.ebay.com/itm/180-Fish-Eye-Lens-for-Apple-iPhone-5S-5C-5-4S-4-Mobile-iPod-MacBook-Air-/300985121848?pt=US_Other_Cell_Phone_Accessories&hash=item46141c7c38
251311459762,Strong Braided Extra Long 8Pin USB Data Cable Sync Charger For iPhone 5 5C 5S,,1732+ sold,From China,1M-2M-3M√ IOS 7.1 CERTIFIED- TESTED & APPROVED√ Best 1√,Buy It Now,http://www.ebay.com/itm/Strong-Braided-Extra-Long-8Pin-USB-Data-Cable-Sync-Charger-For-iPhone-5-5C-5S-/251311459762?pt=US_Cell_Phone_PDA_Cables_Adapters&var=&hash=item3a83548db2
281229251823,4000mAh Backup Battery Charger Case Cover Power Bank For Samsung Galaxy S4 i9500,$18.99,101+ sold,From United States,,Buy It Now,http://www.ebay.com/itm/4000mAh-Backup-Battery-Charger-Case-Cover-Power-Bank-For-Samsung-Galaxy-S4-i9500-/281229251823?pt=US_Cell_Phone_PDA_Chargers&var=&hash=item417a91d4ef
271143551656,S-LINE WAVE GRIP SERIES SILICONE GEL CASE COVER FOR APPLE IPHONE 5 5G,$1.54,146+ sold,From United Kingdom,,Buy It Now,http://www.ebay.com/itm/S-LINE-WAVE-GRIP-SERIES-SILICONE-GEL-CASE-COVER-FOR-APPLE-IPHONE-5-5G-/271143551656?pt=UK_MobilePhones_MobilePhonesCasesPouches&var=&hash=item3f216a42a8
201111770770,Magnetic PU Leather Flip Cover Wallet Case W/ Card Holder For iPhone 5 5G 5S,,114+ sold,From China,,Buy It Now,http://www.ebay.com/itm/Magnetic-PU-Leather-Flip-Cover-Wallet-Case-W-Card-Holder-For-iPhone-5-5G-5S-/201111770770?pt=US_Cell_Phone_PDA_Cases&var=&hash=item2ed3321692
331248452802,Durable Snap On Rubber Matte TPU Gel Cover Case For Apple iPhone 4 4S 5 5S Gift,$1.40,177+ sold,From China,,Buy It Now,http://www.ebay.com/itm/Durable-Snap-On-Rubber-Matte-TPU-Gel-Cover-Case-For-Apple-iPhone-4-4S-5-5S-Gift-/331248452802?pt=US_Cell_Phone_PDA_Cases&var=&hash=item4d1ff244c2
281229251823,4000mAh Backup Battery Charger Case Cover Power Bank For Samsung Galaxy S4 i9500,$18.99,101+ sold,From United States,,Buy It Now,http://www.ebay.com/itm/4000mAh-Backup-Battery-Charger-Case-Cover-Power-Bank-For-Samsung-Galaxy-S4-i9500-/281229251823?pt=US_Cell_Phone_PDA_Chargers&var=&hash=item417a91d4ef
321081524438,USB POWER ADAPTER AC WALL CHARGER APPLE IPHONE 4S 4 3GS 3G IPOD TOUCH NANO WHITE,$0.99,1568 sold,From China,,Buy It Now,http://www.ebay.com/itm/USB-POWER-ADAPTER-AC-WALL-CHARGER-APPLE-IPHONE-4S-4-3GS-3G-IPOD-TOUCH-NANO-WHITE-/321081524438?pt=US_Cell_Phone_PDA_Cables_Adapters&hash=item4ac1f340d6
400498770449,TPU Silicone Gel Phone Case Soft Skin cover for SONY XPERIA Z L36h C6603 Lot,,109+ sold,From Hong Kong,,Buy It Now,http://www.ebay.com/itm/TPU-Silicone-Gel-Phone-Case-Soft-Skin-cover-for-SONY-XPERIA-Z-L36h-C6603-Lot-/400498770449?pt=US_Cell_Phone_PDA_Cases&var=&hash=item5d3f964211
161198780958,Armor Rugged Hybrid Impact Hard Case Cover For Samsung Galaxy S4 Active i9295,$5.99,115+ sold,From United States,,Buy It Now,http://www.ebay.com/itm/Armor-Rugged-Hybrid-Impact-Hard-Case-Cover-For-Samsung-Galaxy-S4-Active-i9295-/161198780958?pt=US_Cell_Phone_PDA_Cases&var=&hash=item258832321e
291176070981,Quality Tempered Glass Screen Protector Film Guard For Motorola MOTO G XT1032,$3.68,242+ sold,From China,,Buy It Now,http://www.ebay.com/itm/Quality-Tempered-Glass-Screen-Protector-Film-Guard-For-Motorola-MOTO-G-XT1032-/291176070981?pt=US_Cell_Phone_Screen_Protectors&var=&hash=item43cb723f45
121292820744,Luxury Genuine Real Leather Flip Case Wallet Cover For Samsung Galaxy S5,$7.70,375+ sold,From United Kingdom,7 Colours - Premium Qulity - Includes Screen Shield,Buy It Now,http://www.ebay.com/itm/Luxury-Genuine-Real-Leather-Flip-Case-Wallet-Cover-For-Samsung-Galaxy-S5-/121292820744?pt=UK_MobilePhones_MobilePhonesCasesPouches&var=&hash=item1c3d9d9108
231355767757,Universal USB Port Plug 5V 1A AC Power Wall Charger EU/US Plug for Samsung S4 S3,$1.40,266+ sold,From China,,Buy It Now,http://www.ebay.com/itm/Universal-USB-Port-Plug-5V-1A-AC-Power-Wall-Charger-EU-US-Plug-for-Samsung-S4-S3-/231355767757?pt=US_Cell_Phone_PDA_Cables_Adapters&var=&hash=item35dde0dbcd
290970613281,"Gel S Line TPU Rubber Silicone Case Cover Skin For SONY Xperia L C2105,S36h",$1.97,141+ sold,From Hong Kong,,Buy It Now,http://www.ebay.com/itm/Gel-S-Line-TPU-Rubber-Silicone-Case-Cover-Skin-For-SONY-Xperia-L-C2105-S36h-/290970613281?pt=US_Cell_Phone_PDA_Cases&var=&hash=item43bf333621
181518641386,Real Genuine Leather Creditcard Wallet Case Cover for iPhone 6 4.7 & Plus,,359+ sold,From United Kingdom,Now with Free Screen Protector - Free Delivery,Buy It Now,http://www.ebay.com/itm/Real-Genuine-Leather-Creditcard-Wallet-Case-Cover-for-iPhone-6-4-7-Plus-/181518641386?pt=UK_MobilePhones_MobilePhonesCasesPouches&var=&hash=item2a435aa8ea
271322536871,High Capacity 1430 mAh Replacement Battery for Nokia Lumia 521 Metro PCS [LOT],,120+ sold,From United States,,Buy It Now,http://www.ebay.com/itm/High-Capacity-1430-mAh-Replacement-Battery-for-Nokia-Lumia-521-Metro-PCS-LOT-/271322536871?pt=US_Cell_Phone_PDA_Batteries&var=&hash=item3f2c155ba7
121292820744,Luxury Genuine Real Leather Flip Case Wallet Cover For Samsung Galaxy S5,$7.70,375+ sold,From United Kingdom,7 Colours - Premium Qulity - Includes Screen Shield,Buy It Now,http://www.ebay.com/itm/Luxury-Genuine-Real-Leather-Flip-Case-Wallet-Cover-For-Samsung-Galaxy-S5-/121292820744?pt=UK_MobilePhones_MobilePhonesCasesPouches&var=&hash=item1c3d9d9108
141320943233,Premium Tempered Glass Screen Protector Film  For Samsung Galaxy S5,$3.29,711+ sold,From China,,Buy It Now,http://www.ebay.com/itm/Premium-Tempered-Glass-Screen-Protector-Film-For-Samsung-Galaxy-S5-/141320943233?pt=US_Cell_Phone_Screen_Protectors&var=&hash=item20e7627681
360628002518,Ultra Thin PC Hard Cover Skin Case + Screen Guard for Huawei Ascend G510 U8951,$3.88,127+ sold,From China,,Buy It Now,http://www.ebay.com/itm/Ultra-Thin-PC-Hard-Cover-Skin-Case-Screen-Guard-for-Huawei-Ascend-G510-U8951-/360628002518?pt=US_Cell_Phone_PDA_Cases&var=&hash=item53f71a9ed6
320559988656,XtremeGUARD Motorola DROID X MB810 Screen Protector,$2.49,2800 sold,From United States,,Buy It Now,http://www.ebay.com/itm/XtremeGUARD-Motorola-DROID-X-MB810-Screen-Protector-/320559988656?pt=US_Cell_Phone_Screen_Protectors&hash=item4aa2dd3fb0
261110168474,5x HD Clear Transparent Front Screen Protector Guard Film Cover for iPhone 4 4S,$2.49,2216 sold,From China,,Buy It Now,http://www.ebay.com/itm/5x-HD-Clear-Transparent-Front-Screen-Protector-Guard-Film-Cover-for-iPhone-4-4S-/261110168474?pt=US_Cell_Phone_Screen_Protectors&hash=item3ccb60fb9a
360628002518,Ultra Thin PC Hard Cover Skin Case + Screen Guard for Huawei Ascend G510 U8951,$3.88,127+ sold,From China,,Buy It Now,http://www.ebay.com/itm/Ultra-Thin-PC-Hard-Cover-Skin-Case-Screen-Guard-for-Huawei-Ascend-G510-U8951-/360628002518?pt=US_Cell_Phone_PDA_Cases&var=&hash=item53f71a9ed6
200950428986,Classical Retro Multi National Flag Hard Case Back Cover For Apple iPhone 4 4S,$2.99,261+ sold,From Hong Kong,,Buy It Now,http://www.ebay.com/itm/Classical-Retro-Multi-National-Flag-Hard-Case-Back-Cover-For-Apple-iPhone-4-4S-/200950428986?pt=US_Cell_Phone_PDA_Cases&var=&hash=item2ec994353a
310713245215,NEW LEATHER SERIES CASE COVER FOR SAMSUNG GALAXY ACE 3 S7270 & SCP + MINI STYLUS,$2.32,119+ sold,From United Kingdom,,Buy It Now,http://www.ebay.com/itm/NEW-LEATHER-SERIES-CASE-COVER-FOR-SAMSUNG-GALAXY-ACE-3-S7270-SCP-MINI-STYLUS-/310713245215?pt=UK_MobilePhones_MobilePhonesCasesPouches&var=&hash=item4857f3de1f
321076271723,Stylish Two Tone Bumper Case Cover For iPhone 5 5S 4 4S With Screen Protector,,718+ sold,From United Kingdom,*Premium Quality Item* *Available in 37 Great Colours*,Buy It Now,http://www.ebay.com/itm/Stylish-Two-Tone-Bumper-Case-Cover-For-iPhone-5-5S-4-4S-With-Screen-Protector-/321076271723?pt=UK_MobilePhones_MobilePhonesCasesPouches&var=&hash=item4ac1a31a6b
131091002140,S-Line Skin TPU GEL Slim Soft Cover Case For MOTOROLA MOTO G XT1032 LTE+Film,,414+ sold,From United States,,Buy It Now,http://www.ebay.com/itm/S-Line-Skin-TPU-GEL-Slim-Soft-Cover-Case-For-MOTOROLA-MOTO-G-XT1032-LTE-Film-/131091002140?pt=US_Cell_Phone_PDA_Cases&var=&hash=item1e85a1f31c
161403814474,For iPhone 5G/5S Flip Leather Hybrid Wallet Pouch Case Hard Cover,$5.75,380+ sold,From United States,,Buy It Now,http://www.ebay.com/itm/For-iPhone-5G-5S-Flip-Leather-Hybrid-Wallet-Pouch-Case-Hard-Cover-/161403814474?pt=US_Cell_Phone_PDA_Cases&var=&hash=item25946ac24a
191141673409,Multifunctiona,,124+ sold,From Hong Kong,,Buy It Now,http://www.ebay.com/itm/Multifunctional-Wallet-Phone-Case-Envelope-Purse-for-Galaxy-S2-S3-iPhone-5-4s-/191141673409?pt=US_Cell_Phone_PDA_Cases&var=&hash=item2c80ee79c1
121389242769,Durable Tempered Glass Screen Protector Film Fr SAMSUNG Galaxy S3 4 5 Note 2 3,,255+ sold,From Hong Kong,,Buy It Now,http://www.ebay.com/itm/Durable-Tempered-Glass-Screen-Protector-Film-Fr-SAMSUNG-Galaxy-S3-4-5-Note-2-3-/121389242769?pt=US_Cell_Phone_Screen_Protectors&var=&hash=item1c435cd991
131091002140,S-Line Skin TPU GEL Slim Soft Cover Case For MOTOROLA MOTO G XT1032 LTE+Film,,414+ sold,From United States,,Buy It Now,http://www.ebay.com/itm/S-Line-Skin-TPU-GEL-Slim-Soft-Cover-Case-For-MOTOROLA-MOTO-G-XT1032-LTE-Film-/131091002140?pt=US_Cell_Phone_PDA_Cases&var=&hash=item1e85a1f31c
221504168851,Sports Arm Band Armband Gym Run Equipment Case Cover For Samsung Galaxy S5 i9600,$2.28,109+ sold,From China,,Buy It Now,http://www.ebay.com/itm/Sports-Arm-Band-Armband-Gym-Run-Equipment-Case-Cover-For-Samsung-Galaxy-S5-i9600-/221504168851?pt=US_Cell_Phone_PDA_Cases&var=&hash=item3392ad6393
131292437787,"For iPhone 6 Case 4.7"" Black Horizontal Leather Pouch Cover Belt Clip Holster",$7.22,282+ sold,From United States,,Buy It Now,http://www.ebay.com/itm/For-iPhone-6-Case-4-7-Black-Horizontal-Leather-Pouch-Cover-Belt-Clip-Holster-/131292437787?pt=US_Cell_Phone_PDA_Cases&var=&hash=item1e91a39d1b
371107136684,Slim Flip Leather w/Metal Magnetic Hard Case Cover Skin For Nokia Lumia 520 525,,130+ sold,From Hong Kong,,Buy It Now,http://www.ebay.com/itm/Slim-Flip-Leather-w-Metal-Magnetic-Hard-Case-Cover-Skin-For-Nokia-Lumia-520-525-/371107136684?pt=US_Cell_Phone_PDA_Cases&var=&hash=item5667b584ac
220954697891,Black Slim Genuine Leather Real Leather Case Cover for Samsung Galaxy S2 i9100,$8.06,2209 sold,From Australia,,Buy It Now,http://www.ebay.com/itm/Black-Slim-Genuine-Leather-Real-Leather-Case-Cover-for-Samsung-Galaxy-S2-i9100-/220954697891?pt=AU_MobilePhoneAccessories&hash=item3371ed20a3
121326120064,Body Glove ToughSuit Case Samsung Galaxy S4 With Clip - Color Choice,$11.25,523+ sold,From United States,,Buy It Now,http://www.ebay.com/itm/Body-Glove-ToughSuit-Case-Samsung-Galaxy-S4-With-Clip-Color-Choice-/121326120064?pt=US_Cell_Phone_PDA_Cases&var=&hash=item1c3f99ac80
390680374630,Hot Pink 2 Piece TPU Hybrid Rubber Hard Case Cover For iPhone 5 5S Stylus + Film,$5.68,1802 sold,From United States,,Buy It Now,http://www.ebay.com/itm/Hot-Pink-2-Piece-TPU-Hybrid-Rubber-Hard-Case-Cover-For-iPhone-5-5S-Stylus-Film-/390680374630?pt=US_Cell_Phone_PDA_Cases&hash=item5af65d6d66
261620882728,,$18.99,104+ sold,From United States,Samsung Galaxy S5 S4 S3 Note 4 iPhone 6+ 5 5S 5C & more,Buy It Now,http://www.ebay.com/itm/Koomus-Air-Vent-Universal-Smartphone-Car-Mount-Holder-for-iPhone-6-more-/261620882728?pt=US_Mounts_Holders&var=&hash=item3ce9d1dd28
221311313237,IMAK Cowboy Shell Ultra-thin Case Cover +LCD Film For LG Optimus G2 D802 LS980,$6.66,373+ sold,From China,,Buy It Now,http://www.ebay.com/itm/IMAK-Cowboy-Shell-Ultra-thin-Case-Cover-LCD-Film-For-LG-Optimus-G2-D802-LS980-/221311313237?pt=US_Cell_Phone_PDA_Cases&var=&hash=item33872ea555
331031106847,Stylish Matt Hard Ultra-thin Skin Case Cover for Nokia Lumia 520,$1.81,150+ sold,From China,,Buy It Now,http://www.ebay.com/itm/Stylish-Matt-Hard-Ultra-thin-Skin-Case-Cover-for-Nokia-Lumia-520-/331031106847?pt=US_Cell_Phone_PDA_Cases&var=&hash=item4d12fdd51f
151323181847,Belkin Grip Candy Sheer Case Cover Protector For iPhone 5/5S New Free Shipping,$6.50,152+ sold,From United States,,Buy It Now,http://www.ebay.com/itm/Belkin-Grip-Candy-Sheer-Case-Cover-Protector-For-iPhone-5-5S-New-Free-Shipping-/151323181847?pt=US_Cell_Phone_PDA_Cases&var=&hash=item233b908317
161156222112,Grip S-Line Silicone Gel Case Cover for LG Google Nexus 5 + Screen Protector,$2.94,178+ sold,From United Kingdom,,Buy It Now,http://www.ebay.com/itm/Grip-S-Line-Silicone-Gel-Case-Cover-for-LG-Google-Nexus-5-Screen-Protector-/161156222112?pt=UK_MobilePhones_MobilePhonesCasesPouches&var=&hash=item2585a8cca0
271237843366,Crocodile Leather Wallet Flip Cover Case for Samsung Galaxy S4 Mini i9190,$6.49,155+ sold,From United States,,Buy It Now,http://www.ebay.com/itm/Crocodile-Leather-Wallet-Flip-Cover-Case-for-Samsung-Galaxy-S4-Mini-i9190-/271237843366?pt=US_Cell_Phone_PDA_Cases&var=&hash=item3f270909a6
